States,StatesID,healthindex,popdensity,age
Alabama,AL,5360,97.18,0.175
Alaska,AK,328,1.28,0.13
Arizona,AZ,6956,65.33,0.182
Arkansas,AR,5012,58.25,0.173
California,CA,28046,252.74,0.149
Colorado,CO,5139,56.04,0.148
Connecticut,CT,3700,734.92,0.177
Delaware,DE,1030,506.32,0.197
District of Columbia,DC,2737,11685.51,0.127
Florida,FL,25861,405.45,0.211
Georgia,GA,9400,186.26,0.145
Hawaii,HI,1250,218.89,0.197
Idaho,ID,1117,22.11,0.162
Illinois,IL,13825,226.73,0.16
Indiana,IN,7145,188.56,0.161
Iowa,IA,4758,56.64,0.174
Kansas,KS,2983,35.64,0.164
Kentucky,KY,5217,113.37,0.17
Louisiana,LA,5853,107.53,0.16
Maine,ME,1762,43.78,0.213
Maryland,MD,3893,623.99,0.16
Massachusetts,MA,6868,883.68,0.171
Michigan,MI,11979,176.31,0.177
Minnesota,MN,5471,71.07,0.162
Mississippi,MS,5406,63.23,0.165
Missouri,MO,11395,89.52,0.172
Montana,MT,1508,7.42,0.196
Nebraska,NE,2186,25.22,0.162
Nevada,NV,1519,28.59,0.163
New Hampshire,NH,1179,152.62,0.186
New Jersey,NJ,10288,1207.83,0.165
New Mexico,NM,1390,17.36,0.183
New York,NY,10288,410.32,0.169
North Carolina,NC,9194,218.04,0.169
North Dakota,ND,1361,11.09,0.156
Ohio,OH,13906,286.19,0.174
Oklahoma,OK,4500,58.03,0.16
Oregon,OR,4267,44.19,0.183
Pennsylvania,PA,19397,285.73,0.187
Rhode Island,RI,1055,173.53,0.178
South Carolina,SC,5568,11.78,0.184
South Dakota,SD,1607,167.01,0.174
Tennessee,TN,7873,112.4,0.167
Texas,TX,30535,39.54,0.129
Utah,UT,1866,67.63,0.115
Vermont,VT,661,217.52,0.204
Virginia,VA,7079,115.78,0.163
Washington,WA,5596,74.25,0.16
West Virginia,WV,2761,107.7,0.205
Wisconsin,WI,5518,6,0.175
Wyoming,WY,390,6,0.172
