States,StatesID,Start,End
Alabama,AL,2020/3/6,2020/9/15
Alabama,AL,2020/9/20,2021/6/20
Alaska,AK,2020/3/6,2020/6/1
Alaska,AK,2020/6/20,2020/8/20
Alaska,AK,2020/9/1,2021/6/20
Arizona,AZ,2020/3/6,2020/9/1
Arizona,AZ,2020/9/10,2021/6/20
Arkansas,AR,2020/3/6,2020/4/25
Arkansas,AR,2020/5/1,2020/8/5
Arkansas,AR,2020/8/15,2021/6/20
California,CA,2020/3/6,2020/9/10
California,CA,2020/10/1,2021/6/20
Colorado,CO,2020/3/6,2020/5/30
Colorado,CO,2020/6/5,2020/8/22
Colorado,CO,2020/9/1,2021/6/20
Connecticut,CT,2020/3/6,2020/6/1
Connecticut,CT,2020/6/20,2020/8/5
Connecticut,CT,2020/8/20,2021/6/20
Delaware,DE,2020/3/6,2020/6/1
Delaware,DE,2020/6/10,2020/7/20
Delaware,DE,2020/8/1,2021/6/20
District of Columbia,DC,2020/3/6,2020/6/10
District of Columbia,DC,2020/6/20,2020/9/10
District of Columbia,DC,2020/10/1,2021/6/20
Florida,FL,2020/3/6,2020/5/10
Florida,FL,2020/5/20,2020/9/10
Florida,FL,2020/10/1,2021/6/20
Georgia,GA,2020/3/6,2020/5/10
Georgia,GA,2020/5/20,2020/9/15
Georgia,GA,2020/10/1,2021/6/20
Hawaii,HI,2020/3/6,2020/5/10
Hawaii,HI,2020/5/20,2020/10/1
Hawaii,HI,2020/10/10,2021/6/20
Idaho,ID,2020/3/6,2020/5/1
Idaho,ID,2020/6/1,2020/8/25
Idaho,ID,2020/9/1,2021/6/20
Illinois,IL,2020/3/6,2020/6/1
Illinois,IL,2020/6/20,2020/9/1
Illinois,IL,2020/9/20,2021/6/20
Indiana,IN,2020/3/6,2020/6/1
Indiana,IN,2020/6/20,2020/9/10
Indiana,IN,2020/10/1,2021/6/20
Iowa,IA,2020/3/6,2020/6/1
Iowa,IA,2020/6/10,2020/8/25
Iowa,IA,2020/9/10,2021/6/20
Kansas,KS,2020/3/6,2020/5/30
Kansas,KS,2020/6/10,2020/9/1
Kansas,KS,2020/9/15,2021/6/20
Kentucky,KY,2020/3/6,2020/6/1
Kentucky,KY,2020/6/15,2020/9/1
Kentucky,KY,2020/9/15,2021/6/20
Louisiana,LA,2020/3/6,2020/5/10
Louisiana,LA,2020/5/20,2020/9/10
Louisiana,LA,2020/9/20,2021/6/20
Maine,ME,2020/3/6,2020/7/10
Maine,ME,2020/7/15,2020/9/10
Maine,ME,2020/10/1,2021/6/20
Maryland,MD,2020/3/6,2020/6/5
Maryland,MD,2020/6/20,2020/9/10
Maryland,MD,2020/10/1,2021/6/20
Massachusetts,MA,2020/3/6,2020/6/1
Massachusetts,MA,2020/6/20,2021/6/20
Michigan,MI,2020/3/6,2020/5/15
Michigan,MI,2020/5/25,2020/9/20
Michigan,MI,2020/10/1,2021/6/20
Minnesota,MN,2020/3/6,2020/6/1
Minnesota,MN,2020/6/20,2020/8/25
Minnesota,MN,2020/9/5,2021/6/20
Mississippi,MS,2020/3/6,2020/9/1
Mississippi,MS,2020/9/10,2021/6/20
Missouri,MO,2020/3/6,2020/5/15
Missouri,MO,2020/6/1,2021/6/20
Montana,MT,2020/3/6,2020/5/10
Montana,MT,2020/6/1,2020/8/5
Montana,MT,2020/8/20,2021/6/20
Nebraska,NE,2020/3/6,2020/6/10
Nebraska,NE,2020/6/20,2020/8/10
Nebraska,NE,2020/8/15,2021/6/20
Nevada,NV,2020/3/6,2020/5/15
Nevada,NV,2020/6/1,2020/9/1
Nevada,NV,2020/9/15,2021/6/20
New Hampshire,NH,2020/3/6,2020/6/1
New Hampshire,NH,2020/6/20,2020/8/20
New Hampshire,NH,2020/9/1,2021/6/20
New Jersey,NJ,2020/3/6,2020/6/1
New Jersey,NJ,2020/6/30,2020/8/5
New Jersey,NJ,2020/8/15,2021/6/20
New Mexico,NM,2020/3/6,2020/6/1
New Mexico,NM,2020/6/10,2020/8/22
New Mexico,NM,2020/9/1,2021/6/20
New York,NY,2020/3/6,2020/6/1
New York,NY,2020/6/10,2020/8/10
New York,NY,2020/8/25,2021/6/20
North Carolina,NC,2020/3/6,2020/7/25
North Carolina,NC,2020/8/1,2020/8/22
North Carolina,NC,2020/9/10,2021/6/20
North Dakota,ND,2020/3/6,2020/6/1
North Dakota,ND,2020/6/20,2021/6/20
Ohio,OH,2020/3/6,2020/6/1
Ohio,OH,2020/6/10,2020/9/10
Ohio,OH,2020/10/1,2021/6/20
Oklahoma,OK,2020/3/6,2020/5/2
Oklahoma,OK,2020/5/10,2020/7/25
Oklahoma,OK,2020/8/1,2021/6/20
Oregon,OR,2020/3/6,2020/5/10
Oregon,OR,2020/5/20,2020/9/1
Oregon,OR,2020/9/10,2021/6/20
Pennsylvania,PA,2020/3/6,2020/6/1
Pennsylvania,PA,2020/6/10,2020/9/10
Pennsylvania,PA,2020/9/20,2021/6/20
Rhode Island,RI,2020/3/6,2020/6/10
Rhode Island,RI,2020/6/25,2020/8/20
Rhode Island,RI,2020/9/1,2021/6/20
South Carolina,SC,2020/3/6,2020/5/2
South Carolina,SC,2020/5/15,2020/9/10
South Carolina,SC,2020/10/1,2021/6/20
South Dakota,SD,2020/3/6,2020/6/1
South Dakota,SD,2020/6/20,2021/6/20
Tennessee,TN,2020/3/6,2020/5/10
Tennessee,TN,2020/5/16,2020/8/25
Tennessee,TN,2020/9/2,2021/6/20
Texas,TX,2020/3/6,2020/8/25
Texas,TX,2020/9/5,2020/9/25
Texas,TX,2020/10/5,2021/6/20
Utah,UT,2020/3/6,2020/5/10
Utah,UT,2020/5/15,2020/8/10
Utah,UT,2020/8/20,2021/6/20
Vermont,VT,2020/3/6,2020/5/10
Vermont,VT,2020/5/20,2020/9/10
Vermont,VT,2020/10/1,2021/6/20
Virginia,VA,2020/3/6,2020/6/10
Virginia,VA,2020/6/20,2020/9/10
Virginia,VA,2020/9/20,2021/6/20
Washington,WA,2020/3/6,2020/5/1
Washington,WA,2020/5/20,2020/8/25
Washington,WA,2020/9/5,2021/6/20
West Virginia,WV,2020/3/6,2020/6/1
West Virginia,WV,2020/6/10,2020/8/10
West Virginia,WV,2020/8/20,2021/6/20
Wisconsin,WI,2020/3/6,2020/6/10
Wisconsin,WI,2020/6/20,2020/8/5
Wisconsin,WI,2020/8/15,2021/6/20
Wyoming,WY,2020/3/6,2020/5/22
Wyoming,WY,2020/6/10,2020/8/20
Wyoming,WY,2020/9/1,2021/6/20
