Country,Region,isoCode,Group,Start,End,
Afghanistan,Asia,AFG,3,2020/4/3,2020/8/15,
Afghanistan,Asia,AFG,3,2020/11/20,2021/3/25,
Albania,Europe,ALB,1,2020/4/24,2021/1/4,
Albania,Europe,ALB,1,2021/1/9,2021/3/25,
Algeria,Africa,DZA,4,2020/3/23,2020/10/13,
Algeria,Africa,DZA,4,2020/10/14,2021/3/25,
Andorra,Europe,AND,2,2020/3/21,2020/4/27,
Andorra,Europe,AND,2,2020/8/19,2021/3/25,
Angola,Africa,AGO,4,2020/6/29,2021/3/25,
Argentina,South America,ARG,2,2020/3/22,2021/3/25,
Australia,Oceania,AUS,1,2020/3/14,2020/4/19,
Australia,Oceania,AUS,1,2020/6/20,2020/9/18,
Austria,Europe,AUT,1,2020/3/10,2020/5/1,
Austria,Europe,AUT,1,2020/9/1,2021/3/25,
Azerbaijan,Asia,AZE,3,2020/3/30,2020/8/5,
Azerbaijan,Asia,AZE,3,2020/10/10,2021/3/25,
Bahamas,North America,BHS,1,2020/7/22,2021/2/1,
Bahrain,Asia,BHR,3,2020/3/24,2020/8/10,
Bahrain,Asia,BHR,3,2020/8/31,2020/11/10,
Bahrain,Asia,BHR,3,2020/11/27,2021/3/25,
Bangladesh,Asia,BGD,3,2020/4/8,2020/10/1,
Bangladesh,Asia,BGD,3,2020/11/15,2021/3/25,
Belarus,Europe,BLR,1,2020/4/2,2020/8/11,
Belarus,Europe,BLR,1,2020/8/16,2021/3/25,
Belgium,Europe,BEL,2,2020/3/8,2020/5/10,
Belgium,Europe,BEL,2,2020/8/10,2021/1/3,
Belize,North America,BLZ,1,2020/8/8,2021/3/25,
Benin,Africa,BEN,4,2020/5/7,2020/5/21,
Benin,Africa,BEN,4,2020/6/8,2021/3/25,
Bolivia,South America,BOL,1,2020/4/13,2020/11/1,
Bolivia,South America,BOL,1,2020/11/30,2021/3/25,
Bosnia and Herzegovina,Europe,BIH,2,2020/3/27,2020/10/1,
Bosnia and Herzegovina,Europe,BIH,2,2020/10/10,2021/3/25,
Botswana,Africa,BWA,4,2020/6/30,2020/10/5,
Botswana,Africa,BWA,4,2020/10/20,2021/3/25,
Brazil,South America,BRA,2,2020/3/15,2020/11/5,
Brazil,South America,BRA,2,2020/11/15,2021/3/25,
Bulgaria,Europe,BGR,2,2020/3/18,2020/8/25,
Bulgaria,Europe,BGR,2,2020/10/10,2021/1/15,
Bulgaria,Europe,BGR,2,2021/2/1,2021/3/25,
Burkina Faso,Africa,BFA,4,2020/3/23,2020/5/10,
Burkina Faso,Africa,BFA,4,2020/12/1,2021/3/25,
Cameroon,Africa,CMR,4,2020/4/1,2021/3/5,
Canada,North America,CAN,1,2020/3/14,2020/6/20,
Canada,North America,CAN,1,2020/9/20,2021/3/25,
Cape Verde,Africa,CPV,4,2020/5/6,2020/12/1,
Cape Verde,Africa,CPV,4,2020/12/28,2021/3/25,
Central African Republic,Africa,CAF,4,2020/5/14,2020/8/5,
Chad,Africa,TCD,4,2020/5/4,2020/6/15,
Chad,Africa,TCD,4,2020/8/15,2021/3/25,
Chile,South America,CHL,2,2020/3/17,2021/3/25,
China,Asia,CHN,3,2020/1/29,2020/3/10,
China,Asia,CHN,3,2020/11/13,2021/2/1,
Colombia,South America,COL,2,2020/3/21,2020/10/1,
Colombia,South America,COL,2,2020/10/1,2021/3/25,
Congo,Africa,COG,4,2020/4/18,2020/9/20,
Congo,Africa,COG,4,2020/12/1,2021/3/25,
Costa Rica,North America,CRI,1,2020/3/26,2021/3/25,
Cote d'Ivoire,Africa,CIV,4,2020/4/7,2020/9/5,
Cote d'Ivoire,Africa,CIV,4,2020/12/19,2021/3/25,
Croatia,Europe,HRV,1,2020/3/19,2020/4/24,
Croatia,Europe,HRV,1,2020/10/10,2021/3/25,
Cuba,North America,CUB,1,2020/3/28,2020/5/20,
Cuba,North America,CUB,1,2020/7/31,2021/3/25,
Cyprus,Europe,CYP,1,2020/3/24,2020/4/25,
Cyprus,Europe,CYP,1,2020/10/13,2021/2/4,
Cyprus,Europe,CYP,1,2021/2/13,2021/3/25,
Czechia,Europe,CZE,2,2020/3/12,2020/4/20,
Czechia,Europe,CZE,2,2020/9/20,2020/11/23,
Czechia,Europe,CZE,2,2020/12/4,2021/3/25,
Denmark,Europe,DNK,1,2020/3/10,2020/5/10,
Denmark,Europe,DNK,1,2020/7/27,2021/3/25,
Djibouti,Africa,DJI,4,2020/4/8,2020/5/6,
Djibouti,Africa,DJI,4,2020/5/9,2020/7/1,
Dominican Republic,North America,DOM,1,2020/3/23,2020/9/5,
Dominican Republic,North America,DOM,1,2020/11/1,2021/3/25,
Ecuador,South America,ECU,1,2020/3/19,2021/3/25,delete ?
Egypt,Africa,EGY,4,2020/3/19,2020/8/20,
Egypt,Africa,EGY,4,2020/10/20,2021/3/25,
El Salvador,North America,SLV,1,2020/5/1,2020/9/15,
El Salvador,North America,SLV,1,2020/9/20,2021/3/25,
Estonia,Europe,EST,1,2020/3/14,2020/4/30,
Estonia,Europe,EST,1,2020/10/13,2021/3/25,
Eswatini,Africa,SWZ,4,2020/6/10,2020/10/30,
Eswatini,Africa,SWZ,4,2020/12/1,2021/3/25,
Ethiopia,Africa,ETH,4,2020/5/22,2020/12/29,
Ethiopia,Africa,ETH,4,2021/1/15,2021/3/25,
Finland,Europe,FIN,1,2020/3/13,2020/6/7,
Finland,Europe,FIN,1,2020/8/5,2021/3/25,
France,Europe,FRA,2,2020/3/3,2020/4/25,
France,Europe,FRA,2,2020/8/10,2021/3/25,
Gabon,Africa,GAB,4,2020/4/21,2020/8/15,
Gabon,Africa,GAB,4,2021/1/1,2021/3/25,
Gambia,Africa,GMB,4,2020/7/23,2020/9/30,
Gambia,Africa,GMB,4,2021/1/23,2021/3/25,
Georgia,Asia,GEO,3,2020/9/5,2021/3/25,
Germany,Europe,DEU,1,2020/3/3,2020/4/20,
Germany,Europe,DEU,1,2020/10/1,2021/3/25,
Ghana,Africa,GHA,4,2020/4/10,2020/9/20,
Ghana,Africa,GHA,4,2020/10/17,2021/3/25,
Greece,Europe,GRC,1,2020/3/11,2020/4/10,
Greece,Europe,GRC,1,2020/8/10,2021/1/11,
Greece,Europe,GRC,1,2021/1/22,2021/3/25,
Guatemala,North America,GTM,1,2020/4/22,2021/3/25,
Guinea,Africa,GIN,4,2020/4/5,2021/3/25,
Guyana,South America,GUY,1,2020/8/2,2021/3/25,
Haiti,North America,HTI,1,2020/5/12,2020/10/5,
Haiti,North America,HTI,1,2020/12/3,2021/3/25,
Honduras,North America,HND,1,2020/4/3,2021/1/12,
Honduras,North America,HND,1,2021/2/4,2021/3/25,
Hungary,Europe,HUN,2,2020/3/21,2020/5/15,
Hungary,Europe,HUN,2,2020/9/6,2021/3/25,
Iceland,Europe,ISL,1,2020/3/13,2020/4/22,
Iceland,Europe,ISL,1,2020/9/16,2020/12/23,
India,Asia,IND,3,2020/3/20,2021/1/25,
India,Asia,IND,3,2021/2/8,2021/3/25,
Indonesia,Asia,IDN,3,2020/3/18,2021/3/25,
Iran,Asia,IRN,3,2020/2/27,2020/4/30,
Iran,Asia,IRN,3,2020/5/5,2020/12/17,
Iran,Asia,IRN,3,2021/1/19,2021/3/25,
Iraq,Asia,IRQ,3,2020/3/24,2020/12/26,
Iraq,Asia,IRQ,3,2021/1/15,2021/3/25,
Ireland,Europe,IRL,1,2020/3/17,2020/5/23,
Ireland,Europe,IRL,1,2020/9/1,2020/11/10,
Ireland,Europe,IRL,1,2020/12/10,2021/3/25,
Israel,Asia,ISR,3,2020/3/16,2020/5/8,
Israel,Asia,ISR,3,2020/6/1,2020/11/1,
Israel,Asia,ISR,3,2020/11/27,2021/3/25,
Italy,Europe,ITA,2,2020/2/24,2020/6/10,
Italy,Europe,ITA,2,2020/10/1,2021/1/25,
Italy,Europe,ITA,2,2021/2/10,2021/3/25,
Jamaica,North America,JAM,1,2020/4/18,2020/5/10,
Jamaica,North America,JAM,1,2020/8/15,2020/10/30,
Jamaica,North America,JAM,1,2020/12/28,2021/3/25,
Japan,Asia,JPN,3,2020/3/5,2020/5/17,
Japan,Asia,JPN,3,2020/6/25,2020/9/25,
Japan,Asia,JPN,3,2020/10/15,2021/3/25,
Jordan,Asia,JOR,3,2020/3/28,2021/1/9,
Jordan,Asia,JOR,3,2021/1/22,2021/3/25,
Kazakhstan,Asia,KAZ,3,2020/3/29,2020/9/10,
Kenya,Africa,KEN,4,2020/5/6,2020/9/1,
Kenya,Africa,KEN,4,2020/10/7,2021/1/6,
Kenya,Africa,KEN,4,2021/2/15,2021/3/25,
Kuwait,Asia,KWT,3,2020/4/3,2020/11/22,
Kuwait,Asia,KWT,3,2020/12/26,2021/3/25,
Kyrgyzstan,Asia,KGZ,3,2020/4/9,2020/8/26,
Kyrgyzstan,Asia,KGZ,3,2020/10/1,2021/3/25,
Latvia,Europe,LVA,1,2020/3/20,2020/4/15,
Latvia,Europe,LVA,1,2020/9/25,2021/3/25,
Lebanon,Asia,LBN,3,2020/3/24,2021/3/25,
Libya,Africa,LBY,4,2020/6/9,2021/3/25,
Lithuania,Europe,LTU,1,2020/3/22,2020/5/1,
Lithuania,Europe,LTU,1,2020/10/1,2021/3/25,
Luxembourg,Europe,LUX,2,2020/3/16,2020/4/21,
Luxembourg,Europe,LUX,2,2020/10/5,2021/3/25,
Madagascar,Africa,MDG,4,2020/5/20,2020/10/18,
Malawi,Africa,MWI,4,2020/5/28,2020/9/5,
Malawi,Africa,MWI,4,2020/12/15,2021/3/25,
Malaysia,Asia,MYS,3,2020/3/9,2020/6/13,
Malaysia,Asia,MYS,3,2020/10/1,2021/3/25,
Mauritania,Africa,MRT,4,2020/5/19,2020/10/10,
Mauritania,Africa,MRT,4,2020/11/1,2021/3/25,
Mexico,North America,MEX,1,2020/3/20,2020/11/1,
Mexico,North America,MEX,1,2020/11/15,2021/3/25,
Moldova,Europe,MDA,2,2020/3/28,2020/12/28,
Moldova,Europe,MDA,2,2021/1/17,2021/3/25,
Morocco,Africa,MAR,4,2020/3/25,2021/3/25,
Mozambique,Africa,MOZ,4,2020/6/1,2020/11/4,
Mozambique,Africa,MOZ,4,2020/12/20,2021/3/25,
Myanmar,Asia,MMR,3,2020/8/26,2021/1/29,
Namibia,Africa,NAM,4,2020/6/27,2020/10/20,
Namibia,Africa,NAM,4,2020/11/13,2021/3/25,
Nepal,Asia,NPL,3,2020/5/15,2020/7/10,
Nepal,Asia,NPL,3,2020/7/30,2021/3/25,
Netherlands,Europe,NLD,2,2020/3/7,2020/5/20,
Netherlands,Europe,NLD,2,2020/7/30,2020/11/3,
Netherlands,Europe,NLD,2,2020/11/29,2021/3/25,
Nigeria,Africa,NGA,4,2020/4/16,2020/9/20,
Nigeria,Africa,NGA,4,2020/11/30,2021/3/25,
Norway,Europe,NOR,1,2020/3/6,2020/5/10,
Norway,Europe,NOR,1,2020/9/1,2021/1/18,
Norway,Europe,NOR,1,2021/2/15,2021/3/25,
Oman,Asia,OMN,3,2020/4/6,2020/8/9,
Oman,Asia,OMN,3,2020/8/27,2021/3/25,
Pakistan,Asia,PAK,3,2020/3/16,2020/9/1,
Pakistan,Asia,PAK,3,2020/10/26,2021/3/25,
Panama,North America,PAN,2,2020/3/21,2020/11/1,
Panama,North America,PAN,2,2020/11/15,2021/3/25,
Paraguay,South America,PRY,1,2020/5/4,2020/10/20,
Paraguay,South America,PRY,1,2020/11/7,2021/3/25,
Peru,South America,PER,2,2020/3/19,2020/7/1,
Peru,South America,PER,2,2020/7/15,2020/12/4,
Peru,South America,PER,2,2021/1/2,2021/3/25,
Philippines,Asia,PHL,3,2020/3/18,2020/11/24,
Philippines,Asia,PHL,3,2021/1/1,2021/3/25,
Poland,Europe,POL,1,2020/3/17,2021/1/12,
Poland,Europe,POL,1,2021/2/3,2021/3/25,
Portugal,Europe,PRT,1,2020/3/15,2020/5/10,
Portugal,Europe,PRT,1,2020/9/20,2020/12/13,
Portugal,Europe,PRT,1,2020/12/23,2021/3/25,
Qatar,Asia,QAT,3,2020/3/12,2020/8/10,
Qatar,Asia,QAT,3,2021/1/10,2021/3/25,
Russia,Europe,RUS,1,2020/3/20,2020/8/10,
Russia,Europe,RUS,1,2020/9/25,2021/3/25,
Saudi Arabia,Asia,SAU,3,2020/3/18,2021/3/25,
Senegal,Africa,SEN,4,2020/3/27,2020/11/1,
Senegal,Africa,SEN,4,2020/11/25,2021/3/25,
Singapore,Asia,SGP,3,2020/3/20,2020/6/28,
Singapore,Asia,SGP,3,2020/7/13,2020/9/15,
Slovenia,Europe,SVN,2,2020/3/12,2020/4/15,
Slovenia,Europe,SVN,2,2020/9/25,2021/3/25,
Somalia,Africa,SOM,4,2020/4/17,2020/8/5,
Somalia,Africa,SOM,4,2020/8/20,2020/12/25,
Somalia,Africa,SOM,4,2021/2/1,2021/3/25,
South Africa,Africa,ZAF,4,2020/3/20,2020/9/20,
South Africa,Africa,ZAF,4,2020/11/10,2021/3/25,
South Korea,Asia,KOR,3,2020/2/21,2020/4/20,
South Korea,Asia,KOR,3,2020/8/10,2020/9/30,
South Korea,Asia,KOR,3,2020/11/10,2021/3/25,
Spain,Europe,ESP,2,2020/3/4,2020/4/30,
Spain,Europe,ESP,2,2020/7/13,2021/3/25,
Sri Lanka,Asia,LKA,3,2020/4/21,2020/7/21,
Sri Lanka,Asia,LKA,3,2020/10/3,2021/3/25,
Sudan,Africa,SDN,4,2020/4/21,2020/9/15,
Sudan,Africa,SDN,4,2020/11/5,2021/3/25,
Suriname,South America,SUR,1,2020/6/6,2020/11/9,
Suriname,South America,SUR,1,2020/12/10,2021/3/25,
Sweden,Europe,SWE,2,2020/3/7,2020/7/5,
Sweden,Europe,SWE,2,2020/9/25,2021/3/25,
Switzerland,Europe,CHE,2,2020/3/6,2020/4/23,
Switzerland,Europe,CHE,2,2020/10/5,2021/3/25,
Syria,Asia,SYR,3,2020/7/4,2020/9/20,
Syria,Asia,SYR,3,2020/10/1,2021/3/25,
Tajikistan,Asia,TJK,3,2020/5/7,2020/8/15,
Thailand,Asia,THA,3,2020/3/16,2020/4/30,
Thailand,Asia,THA,3,2020/12/18,2021/3/25,
Trinidad and Tobago,North America,TTO,1,2020/8/9,2021/3/25,
Tunisia,Africa,TUN,4,2020/3/27,2021/3/25,
Turkey,Asia,TUR,3,2020/3/20,2020/5/25,
Turkey,Asia,TUR,3,2020/11/21,2021/1/12,
Turkey,Asia,TUR,3,2021/1/23,2021/3/25,
Uganda,Africa,UGA,4,2020/5/30,2021/3/25,
Ukraine,Europe,UKR,1,2020/3/26,2021/2/5,
Ukraine,Europe,UKR,1,2021/2/13,2021/3/25,
United Arab Emirates,Asia,ARE,3,2020/3/25,2020/8/8,
United Arab Emirates,Asia,ARE,3,2020/8/15,2021/3/25,
United Kingdom,Europe,GBR,2,2020/3/4,2020/6/10,
United Kingdom,Europe,GBR,2,2020/9/10,2020/11/22,
United Kingdom,Europe,GBR,2,2020/12/1,2021/3/25,
United States,North America,USA,2,2020/3/6,2020/6/1,
United States,North America,USA,2,2020/6/20,2020/9/10,
United States,North America,USA,2,2020/10/1,2021/3/25,
Uruguay,South America,URY,1,2020/3/23,2021/3/25,
Uzbekistan,Asia,UZB,3,2020/4/3,2020/12/1,
Venezuela,South America,VEN,1,2020/5/18,2020/12/20,
Venezuela,South America,VEN,1,2021/1/2,2021/3/25,
Zambia,Africa,ZMB,4,2020/5/8,2020/11/2,
Zambia,Africa,ZMB,4,2020/12/1,2021/3/25,
Zimbabwe,Africa,ZWE,4,2020/5/29,2020/9/20,
Zimbabwe,Africa,ZWE,4,2020/11/10,2021/3/25,
